Lux_Model,Lux_Req_1_1,25,30,4,3.689751
Lux_Model,Lux_Req_1_2,23,27,4,1.447696
Lux_Model,Lux_Req_1_3,44,55,9,2.028139
Lux_Model,Lux_Req_1_4,22,26,3,0.824621
Lux_Model,Lux_Req_1_4_1,27,29,6,1.96554
Lux_Model,Lux_Req_1_5,66,79,15,2.469233
Lux_Model,Lux_Req_2_1,61,76,11,1.137452
Lux_Model,Lux_Req_2_2,24,29,3,0.658517
Autopilot_Model,Autopilot_Req_1_1,83,101,18,0.999396
Autopilot_Model,Autopilot_Req_1_2,64,74,12,0.982175
Autopilot_Model,Autopilot_Req_1_3,246,301,81,3.43109
Autopilot_Model,Autopilot_Req_1_3_1,154,186,49,1.839905
Autopilot_Model,Autopilot_Req_1_4_1,59,74,13,1.741729
Autopilot_Model,Autopilot_Req_1_4_2,61,75,20,1.1735
Autopilot_Model,Autopilot_Req_1_5,50,59,10,0.865509
Autopilot_Model,Autopilot_Req_1_6,32,38,7,0.670074
Autopilot_Model,Autopilot_Req_1_7,32,38,7,0.713795
Autopilot_Model,Autopilot_Req_1_8,81,98,18,1.093943
Autopilot_Model,Autopilot_Req_1_10_1,57,74,13,1.117767
Autopilot_Model,Autopilot_Req_1_10_2,59,75,20,15.207332
EB_Model,EB_Req_1,178,217,63,3.58722
EB_Model,EB_Req_2,178,217,63,3.813146
EB_Model,EB_Req_4,35,35,8,2.207213
Euler_Model,Euler_Req_1,167,169,102,4.71583
Euler_Model,Euler_Req_2,82,72,21,1.720628
Euler_Model,Euler_Req_3,44,38,12,1.135615
Euler_Model,Euler_Req_4,58,36,19,1.693739
Euler_Model,Euler_Req_5_1,125,68,101,4.256851
Euler_Model,Euler_Req_6_1,156,155,63,3.556323
Euler_Model,Euler_Req_6_2,156,155,63,3.613988
Euler_Model,Euler_Req_8,46,31,19,1.479758
FSM_Model,FSM_Req_1,78,90,15,1.453796
FSM_Model,FSM_Req_2,50,59,9,1.111717
FSM_Model,FSM_Req_3,64,75,12,1.06884
FSM_Model,FSM_Req_4,50,59,9,1.134014
FSM_Model,FSM_Req_5,50,59,9,0.794619
FSM_Model,FSM_Req_6,64,75,12,1.047937
FSM_Model,FSM_Req_7,64,75,12,0.895039
FSM_Model,FSM_Req_8,50,59,9,1.035829
FSM_Model,FSM_Req_9,50,59,9,1.06376
FSM_Model,FSM_Req_10,50,59,9,1.165521
FSM_Model,FSM_Req_11,50,59,9,0.979301
FSM_Model,FSM_Req_12,64,75,12,0.961784
FSM_Model,FSM_Req_13,64,75,12,1.212747
NL_Model,NL_Req_6,186,199,43,3.009676
Neural_Model,Neural_Req_1,22,26,3,0.934866
Neural_Model,Neural_Req_2,23,27,4,0.879493
Neural_Model,Neural_Req_3_x,43,42,19,1.14202
Neural_Model,Neural_Req_3_y,43,42,19,1.075429
Tustin_Model,Tustin_Req_1,115,151,60,3.411823
Tustin_Model,Tustin_Req_2,69,88,24,1.553908
Tustin_Model,Tustin_Req_3,94,106,29,1.872667
Tustin_Model,Tustin_Req_4_a,92,118,28,1.802059
Tustin_Model,Tustin_Req_4_b,93,117,30,2.431046
Twotanks_Model,Twotanks_Req_1_1,26,28,5,1.081026
Twotanks_Model,Twotanks_Req_1_2,26,28,5,0.997619
Twotanks_Model,Twotanks_Req_1_5,38,44,7,1.089562
Twotanks_Model,Twotanks_Req_1_6,36,41,7,1.063548
Twotanks_Model,Twotanks_Req_1_7,38,44,7,0.804908
Twotanks_Model,Twotanks_Req_1_8,36,41,7,1.06245
Twotanks_Model,Twotanks_Req_1_9,38,44,7,1.084956
Twotanks_Model,Twotanks_Req_1_10,36,41,7,0.80461
Twotanks_Model,Twotanks_Req_1_11,38,44,7,0.86055
Twotanks_Model,Twotanks_Req_1_12,36,41,7,0.760717
Twotanks_Model,Twotanks_Req_1_13,38,44,7,0.79812
Twotanks_Model,Twotanks_Req_1_14,36,41,7,0.8145
Twotanks_Model,Twotanks_Req_1_16,49,48,21,1.088294
Twotanks_Model,Twotanks_Req_1_17,127,145,60,1.995966
Twotanks_Model,Twotanks_Req_1_18,54,64,10,1.049315
Twotanks_Model,Twotanks_Req_1_19,54,64,10,1.127357
Twotanks_Model,Twotanks_Req_1_20,52,61,10,1.261928
Twotanks_Model,Twotanks_Req_1_26,55,49,24,1.496781
Twotanks_Model,Twotanks_Req_1_27,214,234,162,5.861091
Twotanks_Model,Twotanks_Req_1_28,68,80,13,1.467408
Twotanks_Model,Twotanks_Req_1_29,68,80,13,1.192283
Twotanks_Model,Twotanks_Req_1_30,68,80,13,1.660065
Twotanks_Model,Twotanks_Req_1_31,66,77,13,1.543314
Twotanks_Model,Twotanks_Req_2_1,48,55,9,1.125924
Twotanks_Model,Twotanks_Req_2_2,48,55,9,1.27176
Twotanks_Model,Twotanks_Req_2_3,64,75,14,1.308267
Twotanks_Model,Twotanks_Req_2_7,48,55,9,0.96905
Twotanks_Model,Twotanks_Req_2_8,62,71,12,1.328248
Twotanks_Model,Twotanks_Req_2_9,48,55,9,1.296197
Twotanks_Model,Twotanks_Req_2_10,76,88,15,1.425603
Twotanks_Model,Twotanks_Req_2_11,76,88,15,1.611514
Swim_Model,Swim_Req_1,65,71,20,3.025637
Swim_Model,Swim_Req_2_1,54,63,10,1.248572
Swim_Model,Swim_Req_2_2,50,57,10,1.422615
Regulators_Model,Regulators_Req_1,34,42,7,1.089478
Regulators_Model,Regulators_Req_2,34,42,7,1.18063
Regulators_Model,Regulators_Req_3,34,42,7,1.175722
Regulators_Model,Regulators_Req_4,34,42,7,1.086231
Regulators_Model,Regulators_Req_5,34,42,7,1.140358
Regulators_Model,Regulators_Req_6,26,28,5,1.017568
Regulators_Model,Regulators_Req_7,26,28,5,0.976045
Regulators_Model,Regulators_Req_8,26,28,5,1.029018
Regulators_Model,Regulators_Req_9,26,28,5,1.2261
Regulators_Model,Regulators_Req_10,26,28,5,0.989266
