Model,TestCase,Risk,Result,Time,SimTime,Req_1_1,Req_1_10_1,Req_1_10_2,Req_1_2,Req_1_3,Req_1_4_1,Req_1_4_2,Req_1_5,Req_1_6,Req_1_7,Req_1_8
Autopilot_Model,autopilot_tc_10_4000,-,-,4000.000000,91.734094
Autopilot_Model,autopilot_tc_1_4000,-,-,4000.000000,94.601280
Autopilot_Model,autopilot_tc_2_4000,-,-,4000.000000,96.941345
Autopilot_Model,autopilot_tc_3_4000,-,-,4000.000000,95.384351
Autopilot_Model,autopilot_tc_4_4000,-,-,4000.000000,104.719577
Autopilot_Model,autopilot_tc_5_4000,-,-,4000.000000,105.482637
Autopilot_Model,autopilot_tc_6_4000,-,-,4000.000000,96.535741
Autopilot_Model,autopilot_tc_7_4000,-,-,4000.000000,112.783992
Autopilot_Model,autopilot_tc_8_4000,-,-,4000.000000,102.151954
Autopilot_Model,autopilot_tc_9_4000,-,-,4000.000000,117.137337